war_rank,team,conference,war_bat,war_pit,war_total,wrcplus_adj,wrcplus_raw,pitchplus_adj
1,Texas Tech,Big 12,45.334,34.028,79.363,203.267,171.185,200.572
2,Oklahoma,SEC,48.124,27.503,75.627,225.214,189.184,185.186
3,UCLA,Big Ten,54.144,20.264,74.408,235.005,200.198,146.592
4,Texas,SEC,38.610,35.373,73.983,197.202,135.624,203.844
5,Florida,SEC,43.008,30.906,73.915,202.703,154.753,184.667
6,Alabama,SEC,34.856,38.154,73.011,185.775,133.413,221.835
7,Nebraska,Big Ten,31.879,34.319,66.198,179.366,132.156,209.383
8,Arkansas,SEC,36.006,28.661,64.667,201.911,146.699,197.000
9,Tennessee,SEC,27.455,36.538,63.993,171.221,112.260,222.375
10,Georgia,SEC,36.360,27.082,63.442,197.356,140.030,176.090
11,Texas A&M,SEC,34.731,27.246,61.977,196.550,143.791,182.868
12,Duke,ACC,37.101,24.782,61.883,190.243,148.066,153.854
13,Mississippi St.,SEC,23.905,36.821,60.726,154.293,94.715,209.143
14,LSU,SEC,29.740,30.616,60.357,175.684,114.005,190.290
15,Virginia Tech,ACC,32.660,25.976,58.636,181.027,152.793,171.815
16,Florida St.,ACC,31.231,26.575,57.806,182.137,147.332,176.620
17,Oklahoma St.,Big 12,28.764,27.630,56.394,170.651,123.625,176.649
18,South Carolina,SEC,25.975,28.927,54.902,164.096,106.129,179.928
19,Arizona St.,Big 12,27.729,26.392,54.121,165.987,128.846,167.046
20,Ole Miss,SEC,28.150,25.853,54.003,166.343,112.414,161.998
21,Oregon,Big Ten,26.071,26.195,52.266,168.002,125.491,180.398
22,UCF,Big 12,26.292,25.568,51.860,165.396,126.508,166.572
23,Washington,Big Ten,28.351,23.221,51.572,171.219,130.762,164.614
24,Georgia Tech,ACC,26.183,24.814,50.997,162.199,117.354,162.206
25,Indiana,Big Ten,29.646,18.814,48.461,175.982,157.754,150.215
26,Stanford,ACC,25.130,22.541,47.671,168.240,131.019,160.876
27,Missouri,SEC,21.229,26.083,47.312,149.511,91.311,169.660
28,Grand Canyon,Mountain West,22.419,23.992,46.411,149.118,128.880,162.913
29,Clemson,ACC,22.439,23.893,46.331,155.236,110.401,163.185
30,Virginia,ACC,20.426,24.708,45.133,150.384,117.385,173.141
31,Louisville,ACC,26.793,18.238,45.032,162.000,138.056,139.633
32,Kansas,Big 12,25.702,19.045,44.747,167.000,135.392,146.913
33,Auburn,SEC,23.845,20.755,44.601,164.812,111.013,152.415
34,Arizona,Big 12,26.480,17.541,44.021,169.864,124.506,140.646
35,Texas St.,Sun Belt,18.789,25.112,43.901,137.558,101.065,166.275
36,Michigan,Big Ten,22.809,19.658,42.468,152.803,119.823,145.170
37,Northwestern,Big Ten,21.159,20.822,41.981,157.811,119.317,163.511
38,Utah,Big 12,19.976,21.754,41.730,144.387,118.165,158.275
39,Penn St.,Big Ten,24.088,17.504,41.592,161.029,136.400,144.106
40,Nevada,Mountain West,24.853,15.905,40.758,157.372,131.345,131.446
41,Southeastern La.,Southland,16.537,23.912,40.449,131.480,116.964,171.411
42,Marshall,Sun Belt,19.517,19.903,39.420,145.790,113.295,148.709
43,Ohio St.,Big Ten,25.595,13.220,38.815,174.288,139.654,125.410
44,North Carolina,ACC,26.100,12.700,38.800,173.063,146.413,124.860
45,South Fla.,American,14.689,23.553,38.242,125.095,92.989,159.153
46,Boston U.,Patriot League,22.209,15.930,38.139,144.143,142.366,133.147
47,Jacksonville St.,Conference USA,21.115,16.975,38.090,144.691,122.186,136.337
48,Wichita St.,American,22.255,15.214,37.469,159.039,132.662,137.815
49,Kentucky,SEC,16.946,20.406,37.352,140.596,89.526,150.589
50,Iowa St.,Big 12,23.720,13.385,37.106,156.860,131.941,122.879
51,Baylor,Big 12,15.367,21.735,37.103,129.904,85.425,150.643
52,McNeese,Southland,21.703,14.325,36.029,144.562,122.273,120.909
53,Louisiana,Sun Belt,18.467,17.230,35.697,143.132,105.824,139.310
54,South Alabama,Sun Belt,13.181,22.468,35.649,125.069,78.878,158.140
55,Fla. Atlantic,American,16.302,18.312,34.614,137.796,110.435,150.845
56,Rutgers,Big Ten,22.298,12.186,34.484,153.433,129.133,118.686
57,Cal St. Fullerton,Big West,16.963,17.388,34.351,137.953,111.889,140.970
58,Purdue,Big Ten,17.280,16.503,33.784,140.433,113.900,139.569
59,Stetson,ASUN,20.346,13.420,33.765,146.051,125.917,124.941
60,NC State,ACC,16.904,16.697,33.602,141.068,107.381,139.498
61,Western Ky.,Conference USA,14.824,18.592,33.416,133.733,125.670,159.408
62,Saint Mary's (CA),WCC,15.714,17.472,33.186,129.853,103.176,138.075
63,Troy,Sun Belt,15.935,17.152,33.086,133.484,108.269,141.527
64,Wisconsin,Big Ten,17.315,15.750,33.065,142.168,105.693,135.412
65,Miami (OH),MAC,18.487,14.514,33.001,139.687,132.574,128.901
66,Belmont,Missouri Valley,10.869,22.059,32.928,116.011,101.849,170.281
67,Notre Dame,ACC,16.369,16.081,32.450,135.989,104.673,137.572
68,ULM,Sun Belt,10.937,21.083,32.021,113.838,82.653,149.426
69,Iowa,Big Ten,16.658,15.346,32.004,137.348,96.108,130.419
70,Omaha,Summit League,16.284,15.431,31.715,146.696,137.398,156.630
71,St. Thomas (MN),Summit League,16.458,15.214,31.672,136.553,123.966,138.775
72,Charlotte,American,18.804,12.599,31.403,142.974,111.593,119.707
73,UNC Greensboro,SoCon,12.071,18.653,30.724,115.175,105.043,141.863
74,Liberty,Conference USA,16.924,13.711,30.635,137.308,98.532,125.137
75,Louisiana Tech,Conference USA,14.523,15.811,30.333,129.203,105.144,139.596
76,North Florida,ASUN,13.563,16.755,30.319,122.116,107.345,137.252
77,California Baptist,WAC,10.876,18.719,29.595,111.897,107.100,143.155
78,James Madison,Sun Belt,17.455,11.879,29.334,143.021,113.095,120.518
79,UConn,Big East,15.568,13.300,28.868,127.212,113.796,121.134
80,East Carolina,American,9.233,19.421,28.654,108.857,79.626,143.867
81,Central Ark.,ASUN,17.119,11.265,28.384,140.389,124.199,121.305
82,Southern Miss.,Sun Belt,14.377,13.682,28.059,125.868,96.052,125.522
83,App State,Sun Belt,18.285,9.353,27.638,146.704,125.269,113.896
84,FIU,Conference USA,13.420,14.076,27.496,126.809,103.630,132.514
85,Campbell,CAA,15.573,11.585,27.158,128.241,118.943,119.893
86,Boise St.,Mountain West,13.381,13.769,27.151,122.495,92.700,126.165
87,Houston,Big 12,18.239,8.840,27.079,145.468,110.593,106.874
88,San Diego St.,Mountain West,13.056,13.793,26.848,128.626,97.927,132.041
89,Coastal Carolina,Sun Belt,16.292,10.557,26.848,138.321,104.579,113.379
90,Ohio,MAC,17.738,8.659,26.396,138.025,141.971,107.599
91,LMU (CA),WCC,9.302,16.941,26.242,109.717,92.510,141.948
92,Oregon St.,WCC,13.363,12.810,26.172,124.634,99.170,121.797
93,UNI,Missouri Valley,20.860,5.150,26.010,149.809,149.178,94.509
94,Idaho St.,Big Sky,14.405,11.598,26.004,128.692,121.425,118.920
95,BYU,Big 12,14.357,11.366,25.723,135.526,92.453,117.620
96,Sam Houston,Conference USA,11.969,13.680,25.649,119.361,96.473,124.749
97,New Mexico,Mountain West,12.137,13.082,25.218,121.880,95.245,125.419
98,New Mexico St.,Conference USA,16.434,8.784,25.218,142.397,122.029,110.424
99,Georgia St.,Sun Belt,9.907,15.242,25.149,109.927,87.639,131.534
100,UNLV,Mountain West,14.833,10.303,25.136,134.752,118.917,116.132
101,Southern Ill.,Missouri Valley,10.995,14.114,25.110,121.360,114.369,140.292
102,North Texas,American,13.551,11.555,25.106,124.544,99.861,117.097
103,Jacksonville,ASUN,11.502,13.494,24.995,119.278,102.714,127.947
104,Sacramento St.,Big Sky,9.270,15.607,24.877,113.172,98.380,139.991
105,UIW,Southland,15.000,9.421,24.421,132.213,128.633,113.912
106,Delaware,Conference USA,11.633,12.775,24.408,120.526,101.921,126.229
107,North Ala.,ASUN,12.311,12.008,24.319,125.151,115.097,127.847
108,UC Santa Barbara,Big West,13.034,11.098,24.132,125.202,113.015,119.357
109,Minnesota,Big Ten,7.018,16.896,23.914,103.758,62.059,140.780
110,Tulsa,American,11.756,11.927,23.683,118.479,86.132,118.133
111,Fresno St.,Mountain West,8.939,14.514,23.453,113.324,84.419,136.583
112,Ga. Southern,Sun Belt,9.579,13.825,23.404,112.150,79.989,128.982
113,UAB,American,9.898,13.460,23.358,112.598,73.810,125.661
114,California,ACC,14.206,9.086,23.291,131.404,92.467,108.162
115,Creighton,Big East,13.375,9.817,23.192,121.053,112.005,107.641
116,Nicholls,Southland,8.871,14.235,23.106,108.037,95.408,131.112
117,Samford,SoCon,11.515,11.470,22.985,117.786,94.714,118.125
118,Akron,MAC,12.319,10.458,22.777,117.734,104.938,111.689
119,Colorado St.,Mountain West,10.595,11.882,22.478,116.295,93.877,121.273
120,Austin Peay,Uac ,10.681,11.350,22.031,115.781,108.206,120.964
121,Princeton,Ivy League,11.688,10.082,21.770,121.783,123.910,118.912
122,Maryland,Big Ten,9.425,12.081,21.506,116.037,81.511,125.120
123,Michigan St.,Big Ten,9.510,11.602,21.112,113.484,75.231,119.442
124,South Dakota St.,Summit League,14.396,6.640,21.036,127.072,114.599,98.760
125,UTSA,American,10.771,10.265,21.036,115.128,90.057,110.026
126,FGCU,ASUN,8.589,12.301,20.890,108.265,77.325,120.922
127,Long Beach St.,Big West,9.065,11.718,20.783,111.429,94.628,125.015
128,Tarleton St.,WAC,12.362,8.375,20.737,117.268,112.574,104.425
129,Western Mich.,MAC,10.497,10.239,20.736,115.404,105.856,114.653
130,Western Caro.,SoCon,11.840,8.854,20.693,115.760,112.966,106.033
131,Hawaii,Big West,7.787,12.703,20.491,107.639,93.333,131.738
132,Seattle U,WCC,11.820,8.609,20.429,119.603,101.349,107.492
133,Utah Valley,WAC,13.687,6.551,20.238,125.886,123.781,99.967
134,UNCW,CAA,6.216,13.987,20.202,99.668,89.893,135.299
135,Boston College,ACC,11.198,8.986,20.184,120.282,78.911,107.912
136,SFA,Southland,8.599,11.192,19.791,105.613,97.878,116.539
137,Providence,Big East,12.086,7.686,19.772,124.559,121.112,107.183
138,Lamar University,Southland,10.608,9.028,19.636,112.493,100.724,107.037
139,Radford,Big South,3.532,16.061,19.593,89.462,69.404,145.395
140,Memphis,American,12.265,7.326,19.590,120.137,98.478,98.758
141,USC Upstate,Big South,11.710,7.824,19.535,114.441,109.885,101.297
142,Middle Tenn.,Conference USA,10.277,9.048,19.325,116.529,96.215,110.007
143,Santa Clara,WCC,6.719,12.605,19.325,101.541,72.559,123.403
144,St. John's (NY),Big East,7.466,11.482,18.948,100.637,94.866,116.573
145,Army West Point,Patriot League,4.591,14.140,18.730,91.221,90.404,128.487
146,Pittsburgh,ACC,8.617,10.095,18.712,108.883,79.771,112.780
147,North Dakota St.,Summit League,11.475,7.075,18.550,118.307,103.952,102.574
148,Wofford,SoCon,10.616,7.236,17.851,114.467,114.820,103.631
149,Central Mich.,MAC,10.967,6.871,17.837,119.241,110.099,103.356
150,Northwestern St.,Southland,8.116,9.650,17.765,105.434,94.969,112.898
151,Syracuse,ACC,6.707,10.917,17.624,105.630,78.360,123.092
152,Missouri St.,Conference USA,7.136,10.412,17.548,105.658,78.368,117.868
153,Illinois St.,Missouri Valley,10.132,7.050,17.182,116.640,104.112,103.671
154,UC Davis,Big West,6.361,10.791,17.152,98.940,84.709,115.739
155,South Dakota,Summit League,6.490,10.637,17.127,99.422,72.473,112.220
156,Illinois,Big Ten,7.175,9.523,16.698,102.643,71.296,107.921
157,Murray St.,Missouri Valley,6.582,10.102,16.684,101.357,90.571,116.544
158,Utah St.,Mountain West,11.362,5.295,16.656,117.312,92.711,92.620
159,Fordham,Atlantic 10,6.867,9.575,16.441,99.505,87.409,111.279
160,Eastern Ill.,Ohio Valley,8.791,7.614,16.405,105.698,101.121,102.805
161,Eastern Ky.,ASUN,6.034,10.115,16.149,98.559,88.377,114.137
162,UC San Diego,Big West,10.235,5.481,15.716,115.054,103.624,95.684
163,Pacific,WCC,5.874,9.660,15.534,97.887,73.391,111.446
164,San Jose St.,Mountain West,7.552,7.884,15.435,107.133,76.068,107.119
165,San Diego,WCC,5.101,10.186,15.286,95.446,67.241,112.982
166,Northern Colo.,Big Sky,11.800,3.162,14.963,123.671,109.841,87.362
167,Ball St.,MAC,9.351,5.407,14.758,110.896,109.796,96.580
168,NIU,MAC,8.592,5.670,14.262,116.772,115.653,103.008
169,Florida A&M,SWAC,6.286,7.834,14.121,99.151,125.729,107.541
170,Southern Utah,WAC,5.875,8.185,14.060,98.652,82.170,107.628
171,Robert Morris,Horizon League,14.081,-0.121,13.960,131.501,166.981,73.793
172,Col. of Charleston,CAA,5.065,8.750,13.814,92.583,74.948,103.505
173,Buffalo,MAC,11.883,1.637,13.521,116.806,110.286,79.986
174,Winthrop,Big South,5.142,8.272,13.415,95.849,88.074,107.416
175,UT Arlington,WAC,11.520,1.834,13.353,122.860,117.682,81.559
176,Gardner-Webb,Big South,9.186,4.108,13.294,108.370,110.465,89.694
177,Colgate,Patriot League,8.090,5.161,13.251,105.278,113.710,94.542
178,Queens (NC),ASUN,8.076,4.967,13.044,108.613,89.949,93.819
179,Hofstra,CAA,5.468,7.312,12.780,96.129,101.510,105.328
180,UT Martin,Ohio Valley,1.953,10.791,12.744,82.016,82.929,117.572
181,Saint Joseph's,Atlantic 10,2.590,10.117,12.707,85.425,79.080,117.365
182,George Washington,Atlantic 10,5.574,7.129,12.703,98.259,98.269,106.080
183,Montana,Big Sky,8.747,3.591,12.338,109.843,97.756,88.218
184,North Dakota,Summit League,3.291,9.011,12.302,87.820,85.181,111.580
185,Columbia,Ivy League,3.928,8.326,12.254,93.552,95.131,116.509
186,Lehigh,Patriot League,5.876,6.319,12.195,95.758,98.613,98.534
187,Chattanooga,SoCon,6.446,5.454,11.901,100.367,95.516,95.784
188,Marist,MAAC,7.721,3.972,11.692,102.485,111.449,88.997
189,Harvard,Ivy League,6.212,5.097,11.309,100.921,100.943,97.298
190,Youngstown St.,Horizon League,6.853,4.443,11.296,100.844,128.624,93.259
191,Georgetown,Big East,3.634,7.620,11.255,91.540,86.969,110.410
192,Bowling Green,MAC,3.191,7.830,11.022,87.588,89.293,108.682
193,Villanova,Big East,6.299,4.490,10.789,99.641,81.250,91.724
194,Butler,Big East,7.920,2.537,10.457,107.835,105.737,85.178
195,Indiana St.,Missouri Valley,1.165,9.282,10.447,79.314,72.467,113.038
196,Lindenwood,Ohio Valley,4.458,5.973,10.431,91.418,94.177,97.194
197,Evansville,Missouri Valley,5.553,4.847,10.400,97.567,89.529,93.531
198,Kansas City,Summit League,3.081,7.096,10.177,87.996,67.177,104.390
199,Loyola Chicago,Atlantic 10,1.140,8.969,10.109,79.147,62.942,110.793
200,Lipscomb,ASUN,3.726,6.351,10.077,90.439,69.918,99.357
201,Prairie View,SWAC,6.382,3.608,9.990,102.450,128.511,91.985
202,Massachusetts,MAC,2.320,7.335,9.654,84.658,75.842,105.380
203,DePaul,Big East,5.727,3.874,9.601,98.810,89.638,89.571
204,Howard,MEAC,2.749,6.846,9.595,87.720,103.209,109.533
205,SIUE,Ohio Valley,2.191,7.304,9.495,83.352,77.921,103.262
206,Kennesaw St.,Conference USA,5.934,3.405,9.339,100.254,61.739,86.876
207,Portland St.,Big Sky,2.367,6.958,9.325,85.461,63.144,106.126
208,Toledo,MAC,6.190,2.996,9.186,99.366,77.546,85.893
209,Binghamton,America East,10.060,-0.919,9.141,122.257,125.865,70.195
210,Elon,CAA,0.319,8.757,9.076,75.695,58.566,109.172
211,Brown,Ivy League,2.905,6.000,8.905,89.062,84.624,101.706
212,Dayton,Atlantic 10,2.563,6.188,8.751,85.442,80.400,100.525
213,UTEP,Conference USA,6.250,2.445,8.695,102.473,75.500,83.774
214,Longwood,Big South,5.111,3.483,8.594,94.550,87.478,87.017
215,Valparaiso,Missouri Valley,3.412,4.970,8.383,87.797,85.619,93.731
216,Utah Tech,WAC,8.472,-0.205,8.267,109.050,101.251,73.567
217,Drake,Missouri Valley,5.884,2.325,8.209,97.912,87.020,83.101
218,Mercer,SoCon,5.872,2.249,8.121,102.153,84.379,83.118
219,ETSU,SoCon,0.634,7.368,8.002,76.948,77.510,104.994
220,Presbyterian,Big South,2.280,5.655,7.934,83.409,79.818,96.332
221,CSUN,Big West,3.504,4.315,7.819,90.440,65.583,92.700
222,Penn,Ivy League,5.052,2.654,7.706,97.869,105.022,86.301
223,Southeast Mo. St.,Ohio Valley,2.998,4.653,7.651,86.758,80.877,92.967
224,Cal Poly,Big West,-0.040,6.962,6.921,74.147,56.325,104.359
225,Seton Hall,Big East,4.790,2.095,6.885,94.375,86.321,82.637
226,Yale,Ivy League,2.910,3.792,6.702,87.729,85.220,92.043
227,Kent St.,MAC,4.267,2.391,6.658,93.575,86.544,83.894
228,Fairfield,MAAC,1.445,5.196,6.641,80.347,93.765,97.258
229,George Mason,Atlantic 10,1.946,4.577,6.523,82.243,81.419,92.532
230,Bryant,America East,1.661,4.714,6.375,83.119,87.496,98.983
231,Towson,CAA,1.256,5.062,6.318,79.594,89.791,95.161
232,West Ga.,ASUN,2.173,3.849,6.022,83.079,60.638,87.832
233,Iona,MAAC,1.621,4.356,5.977,80.973,92.308,92.875
234,Weber St.,Big Sky,6.227,-0.269,5.957,97.801,79.112,73.378
235,Saint Louis,Atlantic 10,-0.039,5.988,5.949,74.166,63.299,99.591
236,Cornell,Ivy League,7.228,-1.444,5.784,110.123,130.851,67.186
237,UAlbany,America East,4.225,0.989,5.214,94.261,103.655,79.112
238,Abilene Christian,WAC,5.651,-0.694,4.958,100.704,79.149,71.632
239,Bradley,Missouri Valley,5.746,-1.131,4.616,96.562,88.734,70.177
240,Tennessee Tech,Ohio Valley,2.511,1.388,3.899,84.539,82.404,80.008
241,UIC,Missouri Valley,6.508,-2.809,3.699,101.143,91.212,64.068
242,Northern Ky.,Horizon League,2.265,1.396,3.661,84.426,91.412,80.151
243,UMass Lowell,America East,-1.473,4.903,3.430,68.299,81.822,94.764
244,A&M-Corpus Christi,Southland,0.992,2.286,3.278,78.573,53.627,83.177
245,Texas Southern,SWAC,-1.168,4.360,3.192,68.264,105.491,98.953
246,Rhode Island,Atlantic 10,1.136,1.939,3.074,79.263,77.278,82.585
247,Siena,MAAC,-2.850,5.837,2.987,61.245,73.546,100.984
248,Green Bay,Horizon League,6.996,-4.153,2.842,106.803,121.853,55.428
249,Dartmouth,Ivy League,4.366,-1.628,2.738,102.983,93.672,64.598
250,Oakland,Horizon League,1.253,1.454,2.708,79.899,93.724,80.892
251,Drexel,CAA,2.945,-0.253,2.692,88.211,89.049,73.155
252,Houston Christian,Southland,-0.439,2.962,2.523,72.235,53.527,86.677
253,UC Riverside,Big West,0.538,1.798,2.337,77.157,50.131,82.507
254,UMBC,America East,0.594,1.655,2.248,81.613,99.004,93.694
255,Rider,MAAC,2.311,-0.070,2.241,83.855,92.960,74.053
256,Sacred Heart,MAAC,-1.760,4.000,2.239,67.381,71.280,89.454
257,Furman,SoCon,4.837,-2.808,2.029,93.957,86.626,64.369
258,Lafayette,Patriot League,0.631,1.357,1.988,76.916,75.916,79.597
259,Southern U.,SWAC,-1.758,3.457,1.698,66.476,100.616,89.475
260,Stony Brook,CAA,-1.885,3.504,1.619,66.030,66.862,89.298
261,Alabama St.,SWAC,2.911,-1.472,1.440,85.908,102.480,68.805
262,Jackson St.,SWAC,0.913,0.494,1.408,78.474,117.454,76.713
263,Southern Ind.,Ohio Valley,-2.874,3.886,1.012,60.406,56.164,91.905
264,N.C. A&T,CAA,-3.395,4.211,0.816,60.777,70.627,90.156
265,Canisius,MAAC,-0.688,1.462,0.774,71.139,83.384,80.961
266,LIU,NEC,1.355,-0.928,0.427,79.580,98.824,70.766
267,Monmouth,CAA,-0.093,0.473,0.379,73.941,77.691,76.246
268,Henderson St.,Gac,-0.126,0.402,0.276,62.191,114.117,117.776
269,Mich.-Dearborn,Other,0.046,0.185,0.231,121.805,144.775,99.030
270,Tuskegee,Siac,-0.684,0.890,0.205,40.634,104.893,124.560
271,Charleston So.,Big South,-1.504,1.700,0.196,67.693,50.348,80.674
272,Belhaven,Ccs,0.064,-0.011,0.053,87.457,108.894,72.002
273,Northwestern Ohio,Other,-0.247,0.123,-0.124,15.909,21.877,103.400
274,Quinnipiac,MAAC,0.561,-0.764,-0.202,77.165,93.290,70.472
275,Fort Valley St.,Siac,-0.324,0.065,-0.260,40.495,103.238,80.760
276,Edinboro,Psac,-0.040,-0.265,-0.305,70.692,83.904,50.367
277,Husson,North Atlantic,-0.334,-0.017,-0.351,-1.895,22.478,70.386
278,St. Thomas (TX),Scac,-0.218,-0.164,-0.382,3.810,-17.036,36.886
279,UW-River Falls,Wiac,0.255,-0.651,-0.396,104.457,154.427,10.740
280,Bellarmine,ASUN,0.258,-0.659,-0.401,75.501,67.974,71.657
281,CSU Bakersfield,Big West,-0.455,0.006,-0.449,72.252,49.604,74.358
282,Wayne St. (MI),Gliac,-0.639,0.122,-0.517,4.106,4.795,86.620
283,La. Christian,Other,0.224,-0.917,-0.693,95.553,103.345,-12.474
284,Mt. Marty,Other,-0.218,-0.494,-0.712,-0.085,-37.446,-23.795
285,Mont. St. Billings,Great Northwest,-0.386,-0.326,-0.712,13.396,7.132,36.470
286,Lawrence Tech,Other,-0.969,0.194,-0.775,-47.382,-56.438,98.650
287,Cleary,Other,-0.475,-0.306,-0.780,14.706,17.402,42.464
288,DeSales,Mac Freedom,-0.322,-0.472,-0.794,-49.640,-80.106,-13.648
289,Rochester Christian,Other,-0.783,-0.035,-0.818,0.234,0.190,71.549
290,Huston-Tillotson,Other,-0.425,-0.465,-0.890,14.874,-3.878,26.663
291,Dakota St.,Other,-0.461,-0.458,-0.919,-6.675,-44.523,16.784
292,Jefferson,Cacc,-0.614,-0.399,-1.013,6.844,27.934,35.376
293,Lourdes,Other,-0.643,-0.391,-1.035,-1.821,-2.254,32.084
294,Lincoln (MO),Glvc,-0.287,-0.749,-1.037,41.584,89.609,2.266
295,Central Conn. St.,NEC,0.926,-1.969,-1.043,78.593,113.658,65.126
296,Mount St. Mary's,MAAC,-2.535,1.463,-1.072,63.047,75.599,80.756
297,Dillard,Other,-0.942,-0.202,-1.144,24.785,51.330,63.811
298,Dallas Christian,Other,0.029,-1.206,-1.177,75.704,146.041,14.477
299,Miles,Siac,-0.838,-0.434,-1.272,12.194,95.833,44.300
300,Claflin,Ciaa,-0.532,-0.797,-1.329,52.216,87.648,40.730
301,Lane,Siac,-0.375,-0.964,-1.339,15.165,37.831,-41.989
302,Wiley,Other,-0.350,-1.076,-1.425,26.497,96.189,-24.462
303,Chestnut Hill,Cacc,-0.787,-0.669,-1.456,-31.008,-17.082,3.387
304,Bowie St.,Ciaa,-0.490,-1.019,-1.509,45.880,76.838,26.840
305,Oakwood,Other,-0.036,-1.507,-1.542,69.351,164.377,-97.370
306,Mid-Atlantic Christ.,Other,-0.745,-0.882,-1.628,-32.316,-15.267,-17.713
307,Detroit Mercy,Horizon League,-2.698,0.929,-1.769,61.783,72.348,78.332
308,Bluefield St.,Ciaa,-1.020,-0.859,-1.880,-3.205,60.121,15.587
309,Virginia Union,Ciaa,-0.529,-1.427,-1.956,14.009,66.387,-60.762
310,Johnson C. Smith,Ciaa,-0.749,-1.223,-1.972,-30.373,13.604,-39.731
311,Benedict,Siac,-0.604,-1.465,-2.070,-16.388,3.313,-58.282
312,La Roche,Amcc,-0.803,-1.275,-2.078,-71.018,-76.106,-33.171
313,Xavier (LA),Other,-1.316,-0.908,-2.223,-16.643,-6.814,19.031
314,Bethune-Cookman,SWAC,-0.942,-1.380,-2.323,70.035,86.505,68.388
315,Lincoln (PA),Ciaa,-1.456,-0.870,-2.325,31.872,95.121,49.893
316,Arlington Baptist,Other,-1.102,-1.349,-2.451,31.667,65.549,31.104
317,Morehead St.,Ohio Valley,-2.248,-0.985,-3.232,64.446,64.199,70.279
318,Hampton,CAA,-1.442,-1.989,-3.431,66.773,63.912,65.355
319,Wagner,NEC,-3.798,0.140,-3.658,57.884,80.280,74.953
320,IU Indy,Horizon League,3.093,-7.378,-4.285,87.980,86.736,45.037
321,South Carolina St.,MEAC,-2.092,-2.509,-4.601,63.976,104.628,61.644
322,Maine,America East,-1.317,-3.376,-4.693,68.227,76.036,60.023
323,Western Ill.,Ohio Valley,-0.237,-4.607,-4.844,73.264,89.168,54.590
324,Merrimack,MAAC,-4.854,-0.726,-5.580,48.865,57.792,70.662
325,Norfolk St.,MEAC,-3.303,-2.620,-5.923,57.407,99.454,61.339
326,Bucknell,Patriot League,-0.797,-5.411,-6.208,70.418,70.174,50.765
327,Manhattan,MAAC,-0.614,-5.954,-6.568,71.932,81.492,52.455
328,St. Bonaventure,Atlantic 10,-4.054,-2.752,-6.807,56.611,47.117,64.049
329,Delaware St.,MEAC,-5.541,-2.031,-7.572,43.801,77.062,64.174
330,East Texas A&M,Southland,-0.824,-7.076,-7.901,70.625,52.529,50.138
331,Tennessee St.,Ohio Valley,-0.836,-7.264,-8.100,69.817,70.522,41.193
332,Morgan St.,MEAC,-0.924,-7.752,-8.675,69.450,95.676,35.357
333,Ark.-Pine Bluff,SWAC,-3.202,-5.895,-9.097,58.271,80.921,47.055
334,Holy Cross,Patriot League,-5.084,-4.091,-9.175,47.976,53.151,55.723
335,N.C. Central,MEAC,-5.618,-3.672,-9.290,47.471,56.484,59.475
336,Mercyhurst,NEC,-4.096,-5.530,-9.625,53.553,82.251,48.434
337,Coppin St.,MEAC,-2.737,-7.529,-10.267,56.712,85.326,30.075
338,Le Moyne,NEC,-7.393,-4.208,-11.600,41.904,64.626,58.006
339,FDU,NEC,-3.706,-8.291,-11.997,58.248,81.410,42.201
340,Alcorn,SWAC,-5.400,-6.828,-12.228,48.019,75.145,43.638
341,Niagara,MAAC,-4.445,-8.224,-12.669,50.464,69.696,35.989
342,Grambling,SWAC,-1.998,-10.693,-12.691,64.387,94.385,26.436
343,Stonehill,NEC,-4.555,-8.570,-13.125,53.737,69.437,38.840
344,Saint Peter's,MAAC,-6.705,-6.720,-13.425,45.417,59.314,48.241
345,New Haven,NEC,-9.171,-5.449,-14.620,29.752,50.413,50.155
346,Saint Francis,NEC,-2.219,-14.596,-16.816,64.291,82.976,17.941
347,Alabama A&M,SWAC,-0.612,-16.571,-17.183,71.821,120.213,11.955
348,UMES,MEAC,-9.767,-7.841,-17.608,27.916,67.463,39.007
349,Mississippi Val.,SWAC,-7.661,-16.380,-24.040,24.231,56.689,-9.885
